dataset,dataset_label,family,model,model_key,experiment,status,source_file,accuracy,macro_f1,weighted_f1,precision_macro,recall_macro,precision_weighted,recall_weighted,far,roc_auc,pr_auc,min_class_recall,train_seconds,checkpoint,sample_fraction,has_confusion_matrix,notes,rank_macro_f1,rank_low_far,rank_weighted_f1
cicids2017,CICIDS2017,ML,Random Forest,RandomForest,RandomForest,evaluated,G:\My Drive\nids_deep_learning\ids_deep_learning\results\cicids2017_multi_ml_baselines.json,0.9985509630842483,0.9761685944030499,0.9985417194866618,0.9832252295597637,0.9699277165703418,0.9985382980435257,0.9985509630842483,0.0006987886867781071,0.9996560801447294,0.9907842247195158,0.7647058823529411,1703.9752283096313,,,True,,1,1,2
cicids2017,CICIDS2017,ML,XGBoost,XGBoost,XGBoost,evaluated,G:\My Drive\nids_deep_learning\ids_deep_learning\results\cicids2017_multi_ml_baselines.json,0.9988760548136372,0.8921342025792034,0.9988731514763438,0.8721063769287585,0.9217000728100704,0.9988751111806126,0.9988760548136372,0.0009253583975082102,0.983098873085732,0.9143989580808634,0.5714285714285714,797.2951889038086,,,True,,2,2,1
cicids2017,CICIDS2017,DL,BiLSTM Attention,BiLSTMAttention_Modular,BiLSTMAttention_Modular,evaluated,G:\My Drive\nids_deep_learning\ids_deep_learning\results\cicids2017_multi_BiLSTMAttention_Modular_results.json,0.9611693787378115,0.7247531174864918,0.967079427728705,0.6680480710676066,0.9910917434002076,0.9769635782537929,0.9611693787378115,0.046451560588318064,0.9993773804596056,0.8661823119755339,0.9535484394116819,4101.881011247635,artifacts/cicids2017/multi/BiLSTMAttention_Modular.pt,1.0,True,,3,4,5
cicids2017,CICIDS2017,DL,MLP,MLP_Modular,MLP_Modular,evaluated,G:\My Drive\nids_deep_learning\ids_deep_learning\results\cicids2017_multi_MLP_Modular_results.json,0.9685731446479792,0.7105065429124462,0.9763237514622451,0.6658265459395123,0.9760000232700856,0.986544286711848,0.9685731446479792,0.03757718276066845,0.9993500928870365,0.8386082929449739,0.8571428571428571,709.4753530025482,artifacts/cicids2017/multi/MLP_Modular.pt,1.0,True,,4,3,3
cicids2017,CICIDS2017,DL,CNN1D,CNN1D_Modular,CNN1D_Modular,evaluated,G:\My Drive\nids_deep_learning\ids_deep_learning\results\cicids2017_multi_CNN1D_Modular_results.json,0.9608482515417078,0.688094333557236,0.9689560604761875,0.6182752311590675,0.9743594310974244,0.9807900504025726,0.9608482515417078,0.046661435688783844,0.9986014792149255,0.8381039662490132,0.8571428571428571,654.3797240257263,artifacts/cicids2017/multi/CNN1D_Modular.pt,1.0,True,,5,5,4
cicids2017,CICIDS2017,DL,CNN-LSTM Hybrid,CNNLSTMHybrid_Modular,CNNLSTMHybrid_Modular,evaluated,G:\My Drive\nids_deep_learning\ids_deep_learning\results\cicids2017_multi_CNNLSTMHybrid_Modular_results.json,0.9551155364112648,0.5895457030993334,0.9655015525218976,0.53401902313973,0.8621532788202617,0.9800620581611121,0.9551155364112648,0.053518150618773803,0.9989504788367284,0.8309244729952354,0.0,1121.539900302887,artifacts/cicids2017/multi/CNNLSTMHybrid_Modular.pt,1.0,True,,6,6,6
cicids2017,CICIDS2017,ML,Logistic Regression,LogisticRegression,LogisticRegression,evaluated,G:\My Drive\nids_deep_learning\ids_deep_learning\results\cicids2017_multi_ml_baselines.json,0.8596614685027741,0.5460001874764883,0.906127919667244,0.4902105079139477,0.973195619123755,0.9700453314369389,0.8596614685027741,0.16735869801119493,0.9970194793944872,0.6874076465715184,0.832641301988805,876.0025522708893,,,True,,7,7,7
cicids2017,CICIDS2017,ML,LightGBM,LightGBM,LightGBM,evaluated,G:\My Drive\nids_deep_learning\ids_deep_learning\results\cicids2017_multi_ml_baselines.json,0.37308042253995755,0.27960917923858514,0.4971712369395391,0.3339685270544083,0.6618262954722953,0.8805739091958048,0.37308042253995755,0.6731529202450769,0.7909465334344558,0.23960520134750926,0.3249619185251728,621.91401720047,,,True,,8,8,8
nsl_kdd,NSL-KDD,ML,LightGBM,LightGBM,LightGBM,evaluated,G:\My Drive\nids_deep_learning\ids_deep_learning\results\nsl_kdd_multi_ml_baselines.json,0.9992061917047033,0.9657685673550681,0.9992030017490278,0.9752311350076021,0.9572418622376467,0.999201806816707,0.9992061917047033,0.0005197119311010468,0.9983701563466759,0.9529792809695069,0.8,20.73549589999857,,,True,,1,3,1
nsl_kdd,NSL-KDD,ML,XGBoost,XGBoost,XGBoost,evaluated,G:\My Drive\nids_deep_learning\ids_deep_learning\results\nsl_kdd_multi_ml_baselines.json,0.9989283588013494,0.9555608191211009,0.9989269929231083,0.957332944117953,0.9538126353440791,0.9989273241987878,0.9989283588013494,0.000445467369515183,0.9997302650672495,0.9502113268856014,0.8,5.832385199999408,,,True,,2,2,2
nsl_kdd,NSL-KDD,ML,Random Forest,RandomForest,RandomForest,evaluated,G:\My Drive\nids_deep_learning\ids_deep_learning\results\nsl_kdd_multi_ml_baselines.json,0.9983726929946418,0.9175823363058939,0.998335534368833,0.9657172609644427,0.8864913635953229,0.998348464950754,0.9983726929946418,0.0003712228079293192,0.9999762902559727,0.9539683166799492,0.5,7.130380399999922,,,True,,3,1,3
nsl_kdd,NSL-KDD,DL,CNN1D,CNN1D_Modular,CNN1D_Modular,evaluated,G:\My Drive\nids_deep_learning\ids_deep_learning\results\nsl_kdd_multi_CNN1D_Modular_results.json,0.9876165905933717,0.7810903129956946,0.9891800493624456,0.7341703525828462,0.9466056039381266,0.9918234048585222,0.9876165905933717,0.01878387408122355,0.9962492066268283,0.866598468181011,0.8,25.798777103424072,artifacts/nsl_kdd/multi/CNN1D_Modular.pt,1.0,True,,4,4,4
nsl_kdd,NSL-KDD,DL,CNN-LSTM Hybrid,CNNLSTMHybrid_Modular,CNNLSTMHybrid_Modular,evaluated,G:\My Drive\nids_deep_learning\ids_deep_learning\results\nsl_kdd_multi_CNNLSTMHybrid_Modular_results.json,0.981543957134352,0.758530827754486,0.9834127010036625,0.7260626214309249,0.9046167975248668,0.9861603482274633,0.981543957134352,0.01915509688915287,0.998695235434597,0.8545022030039714,0.7,35.69481182098389,artifacts/nsl_kdd/multi/CNNLSTMHybrid_Modular.pt,1.0,True,,5,5,5
nsl_kdd,NSL-KDD,DL,MLP,MLP_Modular,MLP_Modular,evaluated,G:\My Drive\nids_deep_learning\ids_deep_learning\results\nsl_kdd_multi_MLP_Modular_results.json,0.9778527485612225,0.743408112592988,0.9815503559901262,0.6908255680388802,0.9417321119403296,0.9879600037753982,0.9778527485612225,0.03749350360086124,0.9987724487487,0.859162124301467,0.8,20.145526885986328,artifacts/nsl_kdd/multi/MLP_Modular.pt,1.0,True,,6,6,6
nsl_kdd,NSL-KDD,DL,BiLSTM Attention,BiLSTMAttention_Modular,BiLSTMAttention_Modular,evaluated,G:\My Drive\nids_deep_learning\ids_deep_learning\results\nsl_kdd_multi_BiLSTMAttention_Modular_results.json,0.9647549116888271,0.7205916329944526,0.9687537905608025,0.6718914284426127,0.915341228121199,0.9760990639716142,0.9647549116888271,0.058133491721731385,0.9962669394556782,0.8561742069479097,0.7,105.52981495857239,artifacts/nsl_kdd/multi/BiLSTMAttention_Modular.pt,1.0,True,,7,7,7
nsl_kdd,NSL-KDD,ML,Logistic Regression,LogisticRegression,LogisticRegression,evaluated,G:\My Drive\nids_deep_learning\ids_deep_learning\results\nsl_kdd_multi_ml_baselines.json,0.9288747767414169,0.6449302637388612,0.9415912257793434,0.6063928350251888,0.9132043885075734,0.9625774431976312,0.9288747767414169,0.117232162744079,0.9933952215102518,0.7410468188657728,0.8,15.62450650000028,,,True,,8,8,8
unsw_nb15,UNSW-NB15,ML,LightGBM,LightGBM,LightGBM,evaluated,G:\My Drive\nids_deep_learning\ids_deep_learning\results\unsw_nb15_multi_ml_baselines.json,0.8761283403342569,0.5536326035809738,0.881650734957231,0.5742327146182507,0.5470807802691118,0.8877400469145803,0.8761283403342569,0.03479023534570969,0.980100794463677,0.6431935679471067,0.057971014492753624,11.104639600000155,,,True,,1,3,1
unsw_nb15,UNSW-NB15,ML,XGBoost,XGBoost,XGBoost,evaluated,G:\My Drive\nids_deep_learning\ids_deep_learning\results\unsw_nb15_multi_ml_baselines.json,0.8797926534989722,0.5525051603426543,0.8773425008255012,0.6211341039082419,0.5246457656800968,0.8783319483332053,0.8797926534989722,0.01432539102470399,0.9816872097171891,0.6507321752100603,0.014492753623188406,31.774989200001073,,,True,,2,2,2
unsw_nb15,UNSW-NB15,ML,Random Forest,RandomForest,RandomForest,evaluated,G:\My Drive\nids_deep_learning\ids_deep_learning\results\unsw_nb15_multi_ml_baselines.json,0.8734471355795871,0.4903976472036171,0.870746595804328,0.5227401068562256,0.47143732219799556,0.8743562003463838,0.8734471355795871,0.01140184183598889,0.9566749103166778,0.5748451939346341,0.0,5.947244099999807,,,True,,3,1,3
unsw_nb15,UNSW-NB15,DL,MLP,MLP_Modular,MLP_Modular,evaluated,G:\My Drive\nids_deep_learning\ids_deep_learning\results\unsw_nb15_multi_MLP_Modular_results.json,0.7887210653320226,0.47589363968433024,0.8145884365821032,0.46070983394560744,0.6318299501764659,0.8577733693043651,0.7887210653320226,0.10963309457681626,0.9650692307057265,0.5125278722604898,0.25072886297376096,15.84550166130066,artifacts/unsw_nb15/multi/MLP_Modular.pt,1.0,True,,4,4,4
unsw_nb15,UNSW-NB15,DL,CNN1D,CNN1D_Modular,CNN1D_Modular,evaluated,G:\My Drive\nids_deep_learning\ids_deep_learning\results\unsw_nb15_multi_CNN1D_Modular_results.json,0.7387612834033426,0.4620172667477845,0.7708791067835138,0.4398936169510607,0.6159616232221357,0.8371619706058003,0.7387612834033426,0.2176582370998392,0.960342446069042,0.5015835763503819,0.15160349854227406,16.467021226882935,artifacts/unsw_nb15/multi/CNN1D_Modular.pt,1.0,True,,5,5,5
unsw_nb15,UNSW-NB15,DL,CNN-LSTM Hybrid,CNNLSTMHybrid_Modular,CNNLSTMHybrid_Modular,evaluated,G:\My Drive\nids_deep_learning\ids_deep_learning\results\unsw_nb15_multi_CNNLSTMHybrid_Modular_results.json,0.6591295021896505,0.425910241494296,0.7142015127696243,0.4241770950406166,0.6195076569683153,0.8378602498697829,0.6591295021896505,0.3188130390293817,0.9526163821643332,0.48446981603448674,0.13994169096209913,29.67862606048584,artifacts/unsw_nb15/multi/CNNLSTMHybrid_Modular.pt,1.0,True,,6,6,6
unsw_nb15,UNSW-NB15,ML,Logistic Regression,LogisticRegression,LogisticRegression,evaluated,G:\My Drive\nids_deep_learning\ids_deep_learning\results\unsw_nb15_multi_ml_baselines.json,0.6217713826079185,0.37899949687450085,0.6775868721290133,0.372508843930195,0.5865652747002861,0.8024020594991526,0.6217713826079185,0.36018126004970036,0.9328705864745617,0.3999742495338969,0.04956268221574344,11.019051199999012,,,True,,7,8,8
unsw_nb15,UNSW-NB15,DL,BiLSTM Attention,BiLSTMAttention_Modular,BiLSTMAttention_Modular,evaluated,G:\My Drive\nids_deep_learning\ids_deep_learning\results\unsw_nb15_multi_BiLSTMAttention_Modular_results.json,0.6215926356242738,0.3758462354504959,0.684582352296929,0.3785046923397998,0.5641402186655907,0.8080338959430058,0.6215926356242738,0.3334307849729572,0.9324817908901407,0.4041035245924425,0.17784256559766765,53.30122137069702,artifacts/unsw_nb15/multi/BiLSTMAttention_Modular.pt,1.0,True,,8,7,7
